"apple_podcast_url","feed_url","image","updated_at","category","apple_id","name","artistName"
https://podcasts.apple.com/us/podcast/retales/id1850928687,https://anchor.fm/s/10b47a520/podcast/rss,https://is1-ssl.mzstatic.com/image/thumb/Podcasts211/v4/00/c4/06/00c406c6-9b76-6e29-c38f-5980782ca0c2/mza_761239038562390603.jpg/1200x1200bf.webp,"2025-11-12 12:11:57",Comedy Interviews,"1850928687",reTales,""
https://podcasts.apple.com/us/podcast/the-reconnection-is-power-podcast-with-tyree-humphrey/id1850993310,https://media.rss.com/the-reconnection-is-power-podcast-with-tyree-humphrey/feed.xml,https://is1-ssl.mzstatic.com/image/thumb/Podcasts221/v4/56/77/ba/5677baff-b50c-1525-079f-3941ab02420f/mza_15067645125533824594.png/1200x1200bf.webp,"2025-11-12 12:11:53",Education,"1850993310",The Reconnection is Power Podcast™ with Tyree Humphrey,""
https://podcasts.apple.com/us/podcast/the-daring-deeply-show/id1851070657,https://media.rss.com/daringdeeply/feed.xml,https://is1-ssl.mzstatic.com/image/thumb/Podcasts211/v4/80/dd/30/80dd30ef-e85d-08a9-6abe-fe100d2434e9/mza_6857390060341110990.png/1200x1200bf.webp,"2025-11-12 12:11:48",Music Commentary,"1851070657",The Daring Deeply Show,""
https://podcasts.apple.com/us/podcast/not-my-best-moment-with-kevonstage/id1850900612,https://www.omnycontent.com/d/playlist/e73c998e-6e60-432f-8610-ae210140c5b1/ed96ed15-e1a5-40a6-9e19-b386014b76d5/ecbf132e-df53-49a5-aee0-b386014b7a9f/podcast.rss,https://is1-ssl.mzstatic.com/image/thumb/Podcasts211/v4/ab/15/b2/ab15b22f-e75e-2497-a6d7-b20a04310954/mza_386302927055612630.jpg/1200x1200bf.webp,"2025-11-12 12:11:43",Self-Improvement,"1850900612",Not My Best Moment with KevOnStage,""
https://podcasts.apple.com/us/podcast/%E3%83%A9%E3%83%96%E3%83%A9%E3%82%A4%E3%83%96-%E8%99%B9%E3%83%B6%E5%92%B2%E5%AD%A6%E5%9C%92%E3%82%B9%E3%82%AF%E3%83%BC%E3%83%AB%E3%82%A2%E3%82%A4%E3%83%89%E3%83%AB%E5%90%8C%E5%A5%BD%E4%BC%9A-%E3%81%88%E3%81%84%E3%81%8,https://feeds.megaphone.fm/nijigaku,https://is1-ssl.mzstatic.com/image/thumb/Podcasts211/v4/bc/70/cb/bc70cb5a-2459-6c8f-901a-33a157dfed9c/mza_14261626996937463186.jpg/1200x1200bf.webp,"2025-11-12 12:11:43",Comedy,"1850888270",ラブライブ!虹ヶ咲学園スクールアイドル同好会  えいがさき広報室,""
https://podcasts.apple.com/us/podcast/americas-next-era-live-from-memphis/id1850885488,https://feed.podbean.com/americasnextera/feed.xml,https://is1-ssl.mzstatic.com/image/thumb/Podcasts221/v4/6b/a9/85/6ba985e8-0027-edff-7cd2-9d69cc17fd18/mza_14524626829025571219.png/1200x1200bf.webp,"2025-11-12 12:11:38",Politics,"1850885488",America’s Next Era: Live from Memphis,""
https://podcasts.apple.com/us/podcast/bethany-baptist-church-preaching-podcast/id1850869745,https://podcasts.subsplash.com/6dnfvb7/podcast.rss,https://is1-ssl.mzstatic.com/image/thumb/Podcasts211/v4/1f/99/65/1f9965af-1fd3-e0a3-3dd8-803eb0003e82/mza_2914760816952963488.jpg/1200x1200bf.webp,"2025-11-12 12:11:38",Christianity,"1850869745",Bethany Baptist Church Preaching Podcast,""
https://podcasts.apple.com/us/podcast/yum-yum-a-scary-adventure-card-game/id1850878685,https://feed.podbean.com/nicholauspatnaude/feed.xml,https://is1-ssl.mzstatic.com/image/thumb/Podcasts221/v4/5e/9d/a8/5e9da82a-8fad-c8f4-bf88-db90a8b76cd0/mza_6098277683270120777.jpeg/1200x1200bf.webp,"2025-11-12 12:11:33",Games,"1850878685",Yum Yum: A Scary Adventure Card Game,""
https://podcasts.apple.com/us/podcast/%E7%94%AF%E5%AF%93%E7%9A%84%E4%B8%89%E6%A8%93%E7%A7%98%E5%AF%86%E5%9F%BA%E5%9C%B0/id1850867262,https://feeds.soundon.fm/podcasts/de952bd5-d562-42b6-8424-c91a39092a22.xml,https://is1-ssl.mzstatic.com/image/thumb/Podcasts211/v4/b3/e2/ab/b3e2ab43-832d-7baa-eec4-88093ad73f63/mza_15289302387772530047.jpeg/1200x1200bf.webp,"2025-11-12 12:11:33",Health & Fitness,"1850867262",甯寓的三樓秘密基地,""
https://podcasts.apple.com/us/podcast/on-the-scene-with-martini/id1850861706,https://media.rss.com/on-the-scene-with-martini/feed.xml,https://is1-ssl.mzstatic.com/image/thumb/Podcasts211/v4/7a/46/cc/7a46cc34-0056-317a-2858-861963355253/mza_1917674263578598554.png/1200x1200bf.webp,"2025-11-12 12:11:28",Music,"1850861706",On The Scene with Martini,""
https://podcasts.apple.com/us/podcast/%E7%A7%81%E7%AB%8B%E3%83%8B%E3%82%B7%E3%82%B3%E3%83%AA%E5%A4%A7%E5%AD%A6/id1850861653,https://feeds.megaphone.fm/JPFMN7025956258,https://is1-ssl.mzstatic.com/image/thumb/Podcasts211/v4/19/d6/82/19d68280-27bb-bfd4-7648-05a608d7b41a/mza_11943386408994232574.jpeg/1200x1200bf.webp,"2025-11-12 12:11:28",Society & Culture,"1850861653",私立ニシコリ大学,""
https://podcasts.apple.com/us/podcast/%E9%81%8B%E5%8B%95%E3%81%8C10%E5%89%B2/id1850851162,https://anchor.fm/s/109fe43a4/podcast/rss,https://is1-ssl.mzstatic.com/image/thumb/Podcasts221/v4/b3/44/36/b34436ee-9635-caac-6b8b-ae5494bb64e3/mza_8860845246291610867.jpg/1200x1200bf.webp,"2025-11-12 12:11:24",Health & Fitness,"1850851162",運動が10割,""
https://podcasts.apple.com/us/podcast/central-to-nwa-a-uca-podcast/id1850853861,https://rss.buzzsprout.com/2551969.rss,https://is1-ssl.mzstatic.com/image/thumb/Podcasts211/v4/c1/b1/2d/c1b12dd7-c351-7259-70b3-53fa8b321520/mza_12367542079701096060.jpg/1200x1200bf.webp,"2025-11-12 12:11:23",Education,"1850853861",Central to NWA: A UCA Podcast,""
https://podcasts.apple.com/us/podcast/170-years-of-presbyterianism-in-los-angeles/id1850850570,https://feeds.transistor.fm/history-of-presbyterianism-in-la,https://is1-ssl.mzstatic.com/image/thumb/Podcasts211/v4/03/af/9a/03af9abe-2845-227c-eb3c-fc2f62b1ef0b/mza_9891300621194846208.jpg/1200x1200bf.webp,"2025-11-12 12:11:22",History,"1850850570","170 Years of Presbyterianism in Los Angeles",""
https://podcasts.apple.com/us/podcast/you-can-be-both/id1850830579,https://feed.podbean.com/youcanbebothpodcast/feed.xml,https://is1-ssl.mzstatic.com/image/thumb/Podcasts211/v4/3b/58/9a/3b589a66-16a2-a2c7-76aa-5a18931a7cde/mza_7544809063179787694.jpg/1200x1200bf.webp,"2025-11-12 12:11:22",Sexuality,"1850830579",You Can Be Both,""
https://podcasts.apple.com/us/podcast/invisible-roadmap/id1850833874,https://rss.flightcast.com/igqbf27pn1lmmqnovbss03t3.xml,https://is1-ssl.mzstatic.com/image/thumb/Podcasts211/v4/d2/f7/55/d2f75520-6b7c-f5cf-24c0-062c1d9fbb34/mza_12916713892045477172.png/1200x1200bf.webp,"2025-11-12 12:11:18",Entrepreneurship,"1850833874",Invisible Roadmap,""
https://podcasts.apple.com/us/podcast/the-murder-mind/id1850830019,https://feeds.libsyn.com/598630/rss,https://is1-ssl.mzstatic.com/image/thumb/Podcasts221/v4/27/06/39/27063974-ad08-f6bc-320f-d3e8c4b957a4/mza_11910115444507287578.jpg/1200x1200bf.webp,"2025-11-12 12:11:13",True Crime,"1850830019",The Murder Mind,""
https://podcasts.apple.com/us/podcast/math-academy/id1850798394,https://anchor.fm/s/10b341c58/podcast/rss,https://is1-ssl.mzstatic.com/image/thumb/Podcasts221/v4/ba/2a/57/ba2a5791-2cd1-4771-f67d-938a85484f4c/mza_5985017754005690373.jpg/1200x1200bf.webp,"2025-11-12 12:11:08",Education,"1850798394",Math Academy,""
https://podcasts.apple.com/us/podcast/kill-the-menendez-murders/id1850789983,https://www.spreaker.com/show/6780093/episodes/feed,https://is1-ssl.mzstatic.com/image/thumb/Podcasts211/v4/d1/ba/60/d1ba6011-0ec4-0b5b-3322-90896eaa931c/mza_14779550488998077875.jpg/1200x1200bf.webp,"2025-11-12 12:11:08",True Crime,"1850789983",Kill - The Menendez Murders,""
https://podcasts.apple.com/us/podcast/%D9%82%D9%88%D8%A7%D8%A6%D9%85-%D8%A7%D9%84%D8%B7%D8%B1%D8%A8-%D9%84%D8%A3%D9%81%D8%AD%D9%84-%D9%82%D8%B5%D8%A7%D8%A6%D8%AF-%D8%A7%D9%84%D8%B9%D8%B1%D8%A8/id1850792995,https://media.rss.com/jalmoud/feed.xml,https://is1-ssl.mzstatic.com/image/thumb/Podcasts221/v4/f2/b3/54/f2b35476-4825-5bd7-82fe-c326498ac2c1/mza_17074659037034109696.jpg/1200x1200bf.webp,"2025-11-12 12:11:04",History,"1850792995",قوائم الطرب، لأفحل قصائد العرب,""
https://podcasts.apple.com/us/podcast/the-did-you-know-real-estate-show/id1850786024,https://audioboom.com/channels/5162891.rss,https://is1-ssl.mzstatic.com/image/thumb/Podcasts221/v4/4b/08/ef/4b08ef0a-a7b0-aeb6-9cdf-328facffc14d/mza_167110912770793562.jpg/1200x1200bf.webp,"2025-11-12 12:11:04",News,"1850786024",The Did You Know Real Estate Show,""
https://podcasts.apple.com/us/podcast/we-are-spiraling/id1850785481,https://rss.buzzsprout.com/2551823.rss,https://is1-ssl.mzstatic.com/image/thumb/Podcasts211/v4/38/0c/ad/380cad86-e7d2-54e1-dd5b-f6f594f16ce0/mza_14609328005722701057.jpg/1200x1200bf.webp,"2025-11-12 12:10:57",Fashion & Beauty,"1850785481",We Are Spiraling,""
https://podcasts.apple.com/us/podcast/advokayte-holding-healthcare-accountable/id1850785096,https://feeds.transistor.fm/advokayte-holding-healthcare-accountable,https://is1-ssl.mzstatic.com/image/thumb/Podcasts211/v4/58/24/99/582499dd-2917-cea2-ec36-7fbe097f3cd1/mza_14722274143355482065.jpg/1200x1200bf.webp,"2025-11-12 12:10:57",Society & Culture,"1850785096",AdvoKAYte: Holding Healthcare Accountable,""
https://podcasts.apple.com/us/podcast/school-as-it-should-be-far-brook-schools-podcast/id1850784459,https://feed.podbean.com/farbrookschool/feed.xml,https://is1-ssl.mzstatic.com/image/thumb/Podcasts221/v4/93/08/7f/93087fcb-52e8-0042-7973-ee19366ac4b6/mza_15765074977714825603.jpg/1200x1200bf.webp,"2025-11-12 12:10:52",Education,"1850784459",School As It Should Be: Far Brook School’s Podcast,""
https://podcasts.apple.com/us/podcast/no-skip-christmas/id1850781949,https://rss.art19.com/no-skip-christmas,https://is1-ssl.mzstatic.com/image/thumb/Podcasts221/v4/35/46/cd/3546cd76-efbf-b94d-7429-b1a6b64bcea9/mza_13163223665837336611.jpeg/1200x1200bf.webp,"2025-11-12 12:10:52",Music,"1850781949",No Skip Christmas,""
https://podcasts.apple.com/us/podcast/6-million-dollar-dental-practice-podcast/id1850782933,https://rss.buzzsprout.com/2553786.rss,https://is1-ssl.mzstatic.com/image/thumb/Podcasts211/v4/07/5e/df/075edf5f-49f3-d32f-7339-668b30e95e96/mza_14919224733598952017.jpg/1200x1200bf.webp,"2025-11-12 12:10:47",Entrepreneurship,"1850782933","6 Million Dollar Dental Practice Podcast",""
https://podcasts.apple.com/us/podcast/this-i-remember-roosevelt-family-stories/id1850781297,https://anchor.fm/s/10b387410/podcast/rss,https://is1-ssl.mzstatic.com/image/thumb/Podcasts211/v4/65/28/6c/65286c30-26fe-ce05-bc9f-2552e346d3df/mza_16367813283020871192.jpg/1200x1200bf.webp,"2025-11-12 12:10:47",History,"1850781297",This I Remember: Roosevelt Family Stories,""
https://podcasts.apple.com/us/podcast/el-ruido-y-la-furia-podcast/id1850780356,https://anchor.fm/s/108d09144/podcast/rss,https://is1-ssl.mzstatic.com/image/thumb/Podcasts221/v4/98/67/ef/9867ef77-19b0-e092-abf9-10b1281709fb/mza_2480144732945500533.jpg/1200x1200bf.webp,"2025-11-12 12:10:43",Books,"1850780356",El Ruido y la Furia: Podcast,""
https://podcasts.apple.com/us/podcast/centerpointe-church/id1850779649,https://anchor.fm/s/10b432914/podcast/rss,https://is1-ssl.mzstatic.com/image/thumb/Podcasts221/v4/b0/a2/e0/b0a2e05f-19dd-5fd5-dc61-8ec567df4957/mza_14300912399569353364.jpg/1200x1200bf.webp,"2025-11-12 12:10:42",Christianity,"1850779649",Centerpointe Church,""
https://podcasts.apple.com/us/podcast/mumversations-podcast/id1850778350,https://media.rss.com/mumversations-podcast/feed.xml,https://is1-ssl.mzstatic.com/image/thumb/Podcasts211/v4/ab/c1/52/abc15223-41b9-473d-7399-4e86f6590a77/mza_15403001296668233477.png/1200x1200bf.webp,"2025-11-12 12:10:37",Parenting,"1850778350",Mumversations Podcast,""
https://podcasts.apple.com/us/podcast/no-guarantees-no-problem-self-reliance-daily/id1850775439,https://feeds.castos.com/0pgd8,https://is1-ssl.mzstatic.com/image/thumb/Podcasts211/v4/9d/af/47/9daf4730-72b1-9974-d204-cc3a3cdf442d/mza_751339857684846080.png/1200x1200bf.webp,"2025-11-12 12:10:37",Mental Health,"1850775439","No Guarantees, No Problem | Self-Reliance Daily",""
https://podcasts.apple.com/us/podcast/kill-monster-of-florence/id1850775055,https://www.spreaker.com/show/6779146/episodes/feed,https://is1-ssl.mzstatic.com/image/thumb/Podcasts211/v4/85/34/9b/85349bfa-2293-2616-b9e8-d910cf66cb71/mza_11438340069528180169.jpg/1200x1200bf.webp,"2025-11-12 12:10:33",True Crime,"1850775055",Kill - Monster of Florence,""
https://podcasts.apple.com/us/podcast/future-shock-absorber-change-ready-protocol/id1850775489,https://feeds.castos.com/r3805,https://is1-ssl.mzstatic.com/image/thumb/Podcasts211/v4/da/44/13/da4413ce-b3a9-6392-0ee3-bd9f818271a5/mza_16185963091587088072.png/1200x1200bf.webp,"2025-11-12 12:10:32",Mental Health,"1850775489",Future Shock Absorber | Change Ready Protocol,""
https://podcasts.apple.com/us/podcast/not-on-call/id1850774105,https://anchor.fm/s/10b0974d0/podcast/rss,https://is1-ssl.mzstatic.com/image/thumb/Podcasts221/v4/40/ad/b8/40adb829-91bc-e319-b5d3-740af857e301/mza_2219026476341636780.jpg/1200x1200bf.webp,"2025-11-12 12:10:29",Medicine,"1850774105",Not On Call,""
https://podcasts.apple.com/us/podcast/beatlesbanter-where-two-guys-talk-about-their-love/id1850774124,https://anchor.fm/s/10b04af54/podcast/rss,https://is1-ssl.mzstatic.com/image/thumb/Podcasts221/v4/65/5d/40/655d4083-553d-688b-6fcb-76efa4b6b6b4/mza_1973167500231899815.jpg/1200x1200bf.webp,"2025-11-12 12:10:28",Music,"1850774124",BeatlesBanter-where two guys talk about their love for the Beatles,""
https://podcasts.apple.com/us/podcast/the-h-h-impact/id1850773908,https://www.thehhimpact.com/feed.xml,https://is1-ssl.mzstatic.com/image/thumb/Podcasts211/v4/33/8d/f0/338df059-4f39-c324-4555-df5076bd6f17/mza_10513216997784440977.jpg/1200x1200bf.webp,"2025-11-12 12:10:22",Business,"1850773908",The H&H Impact,""
https://podcasts.apple.com/us/podcast/the-career-pivot-playbook-navigating-job-market-fears/id1850771969,https://feeds.castos.com/5o857,https://is1-ssl.mzstatic.com/image/thumb/Podcasts221/v4/75/ee/ff/75eeffe9-7525-286b-b439-d3633e09f472/mza_11509352497324615935.png/1200x1200bf.webp,"2025-11-12 12:10:22",Mental Health,"1850771969",The Career Pivot Playbook | Navigating Job Market Fears,""
https://podcasts.apple.com/us/podcast/the-whats-next-solution-a-hopeful-look-ahead/id1850772379,https://feeds.castos.com/k90m0,https://is1-ssl.mzstatic.com/image/thumb/Podcasts211/v4/3c/50/f7/3c50f71c-14da-bc04-d0a2-b4537d4e7c3d/mza_4555355120835703073.png/1200x1200bf.webp,"2025-11-12 12:10:17",Mental Health,"1850772379",The What's Next Solution | A Hopeful Look Ahead,""
https://podcasts.apple.com/us/podcast/just-between-us-with-jennifer-zamparelli/id1850772036,https://www.omnycontent.com/d/playlist/fdd7ab40-270d-4a1e-a257-acd200da1324/77b0a419-9a04-4f61-9c98-b38b00b68188/1ad1ab19-47df-4119-a11c-b38b00b689f3/podcast.rss,https://is1-ssl.mzstatic.com/image/thumb/Podcasts221/v4/85/84/09/858409f4-a109-7b52-cf61-afe54da38eda/mza_11978454343837540735.jpg/1200x1200bf.webp,"2025-11-12 12:10:17",Sexuality,"1850772036",Just Between Us with Jennifer Zamparelli,""
https://podcasts.apple.com/us/podcast/et-si-josais/id1850771536,https://feeds.acast.com/public/shows/67bda83eda0308485506edaa,https://is1-ssl.mzstatic.com/image/thumb/Podcasts221/v4/fb/44/57/fb445775-a0ce-3ac2-d3b4-dcffbd8dc515/mza_2118244958204694751.jpeg/1200x1200bf.webp,"2025-11-12 12:10:12",Entrepreneurship,"1850771536",Et si j'osais ?,""
https://podcasts.apple.com/us/podcast/vilsen-i-vuxenv%C3%A4rlden/id1850770923,https://feeds.acast.com/public/shows/686e75affe0897380e21d09a,https://is1-ssl.mzstatic.com/image/thumb/Podcasts221/v4/a5/42/77/a542771a-f74e-bb07-8c46-9e692640e8d9/mza_250223694447370051.jpeg/1200x1200bf.webp,"2025-11-12 12:10:12",Personal Journals,"1850770923",Vilsen i Vuxenvärlden,""
https://podcasts.apple.com/us/podcast/the-pathfinder-podcast-creating-your-own-certainty/id1850770722,https://feeds.castos.com/zkx5q,https://is1-ssl.mzstatic.com/image/thumb/Podcasts211/v4/5a/e0/ba/5ae0ba98-c7ef-dc44-6608-5e8855fadf9b/mza_141735411024925124.png/1200x1200bf.webp,"2025-11-12 12:10:07",Mental Health,"1850770722",The Pathfinder Podcast | Creating Your Own Certainty,""
https://podcasts.apple.com/us/podcast/next-level-you-navigating-lifes-transitions/id1850769161,https://feeds.castos.com/nzgp3,https://is1-ssl.mzstatic.com/image/thumb/Podcasts221/v4/b9/b9/42/b9b94211-d5f8-90c0-1ec6-c9bd0d8d4f48/mza_8706136881135886944.png/1200x1200bf.webp,"2025-11-12 12:10:07",Mental Health,"1850769161",Next Level You | Navigating Life's Transitions,""
https://podcasts.apple.com/us/podcast/we-like-scary-movies/id1850770501,https://feed.podbean.com/welikescarymovies/feed.xml,https://is1-ssl.mzstatic.com/image/thumb/Podcasts221/v4/7e/bd/eb/7ebdebe6-9b2c-f3cf-a0c5-6e69bd2c9408/mza_13229936181156011512.jpg/1200x1200bf.webp,"2025-11-12 12:10:04",Film Reviews,"1850770501",We Like Scary Movies,""
https://podcasts.apple.com/us/podcast/the-adaptability-advantage-win-in-a-changing-world/id1850768982,https://feeds.castos.com/0pnrv,https://is1-ssl.mzstatic.com/image/thumb/Podcasts221/v4/d5/24/be/d524bee2-116b-2841-0758-e4233aeedaca/mza_5659760389740384698.png/1200x1200bf.webp,"2025-11-12 12:10:03",Mental Health,"1850768982",The Adaptability Advantage | Win in a Changing World,""
https://podcasts.apple.com/us/podcast/melbourne-news-today-2-min-news-the-daily-news-now/id1850768301,https://feeds.acast.com/public/shows/6882e68f6e658a8b3c6169cc,https://is1-ssl.mzstatic.com/image/thumb/Podcasts221/v4/6a/03/60/6a036075-17f9-2dc7-1a37-3e669b64d946/mza_6351083083170118475.jpeg/1200x1200bf.webp,"2025-11-12 12:09:58",Daily News,"1850768301",Melbourne News Today | 2 Min News | The Daily News Now!,""
https://podcasts.apple.com/us/podcast/the-clarity-catalyst-find-your-path-in-the-chaos/id1850768625,https://feeds.castos.com/9q74g,https://is1-ssl.mzstatic.com/image/thumb/Podcasts221/v4/07/9a/e1/079ae157-0c83-fb21-1a78-401416ab6314/mza_5304486930241021014.png/1200x1200bf.webp,"2025-11-12 12:09:57",Mental Health,"1850768625",The Clarity Catalyst | Find Your Path in the Chaos,""
https://podcasts.apple.com/us/podcast/kill-the-menendez-murders/id1850766081,https://www.spreaker.com/show/6780093/episodes/feed,https://is1-ssl.mzstatic.com/image/thumb/Podcasts221/v4/50/93/4d/50934df7-3ffc-9f1c-c1a6-cbcda89239ea/mza_11767714782703440446.jpg/1200x1200bf.webp,"2025-11-12 12:09:53",True Crime,"1850766081",Kill - The Menendez Murders,""
https://podcasts.apple.com/us/podcast/lilly-palmer-pres-spannung-radio-show/id1850766774,https://feeds.djpod.com/lillypalmer,https://is1-ssl.mzstatic.com/image/thumb/Podcasts211/v4/74/a5/7a/74a57a59-2e2a-2b88-51db-01c67c696fe5/mza_16436249446019150275.jpg/1200x1200bf.webp,"2025-11-12 12:09:49",Music,"1850766774",Lilly Palmer pres. Spannung Radio Show,""
https://podcasts.apple.com/us/podcast/sydney-news-today-2-min-news-the-daily-news-now/id1850762350,https://feeds.acast.com/public/shows/6882e638e0a86cc3abdd23a8,https://is1-ssl.mzstatic.com/image/thumb/Podcasts221/v4/71/8f/d9/718fd980-99e7-8084-5e2a-482ee6003743/mza_3957882091316817755.jpeg/1200x1200bf.webp,"2025-11-12 12:09:48",Sports News,"1850762350",Sydney News Today | 2 Min News | The Daily News Now!,""
https://podcasts.apple.com/us/podcast/still-nem-tudom/id1850758150,https://feed.ausha.co/DD7PwFzYaw6p,https://is1-ssl.mzstatic.com/image/thumb/Podcasts221/v4/cb/cc/c7/cbccc73d-894f-b5b7-c5c9-4124c425fab5/mza_15153542968722671704.jpeg/1200x1200bf.webp,"2025-11-12 12:09:45",Personal Journals,"1850758150",STILL NEM TUDOM,""
https://podcasts.apple.com/us/podcast/inside-wisconsin-sports/id1850761611,https://rss.amperwave.net/v2/feed/audacy/c5cadb68fd16339938585a354810e75e,https://is1-ssl.mzstatic.com/image/thumb/Podcasts211/v4/2d/3e/cd/2d3ecddd-f171-651e-5e46-b63252ae536e/mza_9634841615775028194.jpg/1200x1200bf.webp,"2025-11-12 12:09:42",Sports,"1850761611",Inside Wisconsin Sports,""
https://podcasts.apple.com/us/podcast/future-in-bloom/id1850756558,https://yalepodcasts.blubrry.net/category/future-in-bloom/feed/podcast/,https://is1-ssl.mzstatic.com/image/thumb/Podcasts221/v4/4c/69/ba/4c69baf6-61c7-bffe-38f2-41b6077583c6/mza_5606489269496275552.jpeg/1200x1200bf.webp,"2025-11-12 12:09:38",Earth Sciences,"1850756558",Future in Bloom,""
https://podcasts.apple.com/us/podcast/fanatical-podcast/id1850757554,https://rss.buzzsprout.com/2553749.rss,https://is1-ssl.mzstatic.com/image/thumb/Podcasts211/v4/f8/86/4a/f8864a03-a99b-ac02-ffe1-11e318b919fe/mza_9081853964461607977.jpg/1200x1200bf.webp,"2025-11-12 12:09:37",Football,"1850757554",Fanatical Podcast,""
https://podcasts.apple.com/us/podcast/the-coven-club-a-twilight-podcast/id1850756625,https://anchor.fm/s/10b202c70/podcast/rss,https://is1-ssl.mzstatic.com/image/thumb/Podcasts221/v4/64/c6/5b/64c65bef-18bb-e297-be3b-5ae5ee06c1cf/mza_440635156080110691.jpg/1200x1200bf.webp,"2025-11-12 12:09:33",Books,"1850756625",The Coven Club - A Twilight Podcast,""
https://podcasts.apple.com/us/podcast/love-hacks-en-fran%C3%A7ais/id1850756504,https://feeds.acast.com/public/shows/68dc1e5009b1c365e477b071,https://is1-ssl.mzstatic.com/image/thumb/Podcasts221/v4/c9/fc/2b/c9fc2b17-35de-f6e8-50ed-78ede592a33a/mza_15860751253097215231.jpeg/1200x1200bf.webp,"2025-11-12 12:09:32",Health & Fitness,"1850756504",Love Hacks en Français,""
https://podcasts.apple.com/us/podcast/australia-news-today-2-min-news-the-daily-news-now/id1850753992,https://feeds.acast.com/public/shows/6882e3eff6d4262b075426bf,https://is1-ssl.mzstatic.com/image/thumb/Podcasts221/v4/b7/4c/66/b74c6639-8c01-56d0-8e65-44942bba7a7d/mza_18243189583789628496.jpeg/1200x1200bf.webp,"2025-11-12 12:09:28",Daily News,"1850753992",Australia News Today | 2 Min News | The Daily News Now!,""
https://podcasts.apple.com/us/podcast/the-art-of-rising-evolve/id1850754634,https://anchor.fm/s/f3ef5d64/podcast/rss,https://is1-ssl.mzstatic.com/image/thumb/Podcasts221/v4/9a/0c/7b/9a0c7bfd-165c-1c5f-5105-69cf2b30935e/mza_11939894361646675152.jpg/1200x1200bf.webp,"2025-11-12 12:09:27",Entrepreneurship,"1850754634",The ARt Of Rising: EVOLVE,""
https://podcasts.apple.com/us/podcast/love-hacks/id1850756133,https://feeds.acast.com/public/shows/63eed5c7c639b700111b4586,https://is1-ssl.mzstatic.com/image/thumb/Podcasts221/v4/63/6c/f9/636cf99e-9b55-00f1-b8c1-cd8b50742dab/mza_6083251340634828518.jpeg/1200x1200bf.webp,"2025-11-12 12:09:23",Relationships,"1850756133",Love Hacks,""
https://podcasts.apple.com/us/podcast/is-talks/id1850752537,https://anchor.fm/s/10b36c020/podcast/rss,https://is1-ssl.mzstatic.com/image/thumb/Podcasts211/v4/cd/f8/e4/cdf8e431-99ae-d026-6709-01a661af8bc0/mza_2003426484751426643.jpg/1200x1200bf.webp,"2025-11-12 12:09:22",Investing,"1850752537",IS Talks,""
https://podcasts.apple.com/us/podcast/%E8%8A%B8%E5%A4%A7%E7%9A%84%E4%BA%AC%E9%83%BD%E3%81%AE%E3%81%AF%E3%81%AA%E3%81%97/id1850751927,https://anchor.fm/s/10b243b1c/podcast/rss,https://is1-ssl.mzstatic.com/image/thumb/Podcasts221/v4/e4/7d/6e/e47d6e80-e739-4e4a-52f8-c13f3d632e56/mza_12186073653254409535.jpg/1200x1200bf.webp,"2025-11-12 12:09:18",History,"1850751927",芸大的京都のはなし,""
https://podcasts.apple.com/us/podcast/behind-the-insights/id1850753332,https://media.rss.com/behind-the-insights/feed.xml,https://is1-ssl.mzstatic.com/image/thumb/Podcasts211/v4/e3/dd/d3/e3ddd393-3a43-53b8-855d-2e52b9949586/mza_2745624801501226640.jpg/1200x1200bf.webp,"2025-11-12 12:09:17",Technology,"1850753332",Behind the Insights,""
https://podcasts.apple.com/us/podcast/%E3%81%93%E3%81%AF%E3%82%8B-%E3%81%BB%E3%81%9F%E3%82%8B%E3%81%AE-%E5%A4%A9%E4%B8%8B%E4%B8%80%E6%AD%A6%E9%81%93%E9%A4%A8%E3%81%B8%E3%81%AE%E9%81%93/id1850748794,https://anchor.fm/s/10b1bbaf0/podcast/rss,https://is1-ssl.mzstatic.com/image/thumb/Podcasts221/v4/ef/10/38/ef1038eb-d317-52b3-a25d-3bf4d2e5c62c/mza_13684100654915595421.jpg/1200x1200bf.webp,"2025-11-12 12:09:13",Stand-Up,"1850748794",こはる＆ほたるの「天下一武道館への道」,""
https://podcasts.apple.com/us/podcast/the-winsonly-podcast-w-david-rush/id1850751386,https://rss.buzzsprout.com/2032714.rss,https://is1-ssl.mzstatic.com/image/thumb/Podcasts211/v4/f1/39/83/f1398337-0eff-cb5e-32be-5b87449bbffe/mza_1966923340347027008.jpg/1200x1200bf.webp,"2025-11-12 12:09:12",Self-Improvement,"1850751386",The WinsOnly Podcast w/ David Rush,""
https://podcasts.apple.com/us/podcast/%E5%A4%A7%E8%B6%8A%E6%98%A5%E8%BC%9D%E3%81%AE-%E9%81%8A%E3%81%B3%E3%81%8C%E4%BB%95%E4%BA%8B-le-radio/id1850746308,https://anchor.fm/s/10a7f75dc/podcast/rss,https://is1-ssl.mzstatic.com/image/thumb/Podcasts221/v4/38/09/f8/3809f8da-ca3c-1f0f-097f-30842155ad99/mza_5019672213834306709.jpg/1200x1200bf.webp,"2025-11-12 12:09:08",Management,"1850746308",大越春輝の【遊びが仕事】LE RADIO,""
https://podcasts.apple.com/us/podcast/off-the-post/id1850746479,https://rss.buzzsprout.com/2553137.rss,https://is1-ssl.mzstatic.com/image/thumb/Podcasts221/v4/90/66/fc/9066fc4e-677a-6cd4-227d-e4e6902b0ac8/mza_10118709603824306810.jpg/1200x1200bf.webp,"2025-11-12 12:09:07",Soccer,"1850746479",Off the Post,""
https://podcasts.apple.com/us/podcast/fotografia-trasformativa/id1850746208,https://www.spreaker.com/show/6783746/episodes/feed,https://is1-ssl.mzstatic.com/image/thumb/Podcasts221/v4/dc/1b/4c/dc1b4cd0-daca-5190-cea8-ff9a7224b0d4/mza_7204241446615059341.jpg/1200x1200bf.webp,"2025-11-12 12:09:04",Arts,"1850746208",Fotografia Trasformativa,""
https://podcasts.apple.com/us/podcast/a-look-at-the-book-daily-devotional/id1850744497,https://feed.podbean.com/rickcorammin/feed.xml,https://is1-ssl.mzstatic.com/image/thumb/Podcasts211/v4/9c/10/de/9c10de6d-6ddf-5e32-d30f-63502aa972f4/mza_15018077911568669202.jpg/1200x1200bf.webp,"2025-11-12 12:09:04",Christianity,"1850744497",A Look At The Book Daily Devotional,""
https://podcasts.apple.com/us/podcast/stfual-from-boy-to-man-to-better-husband/id1850744291,https://rss.buzzsprout.com/2545355.rss,https://is1-ssl.mzstatic.com/image/thumb/Podcasts221/v4/b7/5b/e7/b75be7c3-dc66-9b1e-90b8-f57420339325/mza_11901969040791106304.jpg/1200x1200bf.webp,"2025-11-12 12:08:58",Society & Culture,"1850744291",STFUAL - From Boy to Man to Better Husband,""
https://podcasts.apple.com/us/podcast/the-364-day-calendar-of-yahuah/id1850743798,https://anchor.fm/s/10b42d25c/podcast/rss,https://is1-ssl.mzstatic.com/image/thumb/Podcasts211/v4/e8/67/c8/e867c82f-f757-32e3-28f1-cec88b6971e5/mza_8477366081787041292.jpg/1200x1200bf.webp,"2025-11-12 12:08:58",Spirituality,"1850743798",The 364-Day Calendar of Yahuah,""
https://podcasts.apple.com/us/podcast/the-womben-wellness-podcast/id1850743523,https://feeds.libsyn.com/590480/rss,https://is1-ssl.mzstatic.com/image/thumb/Podcasts211/v4/0e/e8/3a/0ee83a04-0f50-da46-2559-1c1c8a903fba/mza_10313364717151146778.jpg/1200x1200bf.webp,"2025-11-12 12:08:54",Alternative Health,"1850743523",The Womben Wellness Podcast,""
https://podcasts.apple.com/us/podcast/the-womben-wellness-podcast/id1850743336,https://feeds.libsyn.com/590480/rss,https://is1-ssl.mzstatic.com/image/thumb/Podcasts221/v4/82/4a/1f/824a1fef-c0f6-444a-f08c-70d4a1af211a/mza_8288927630455651343.jpg/1200x1200bf.webp,"2025-11-12 12:08:54",Alternative Health,"1850743336",The Womben Wellness Podcast,""
https://podcasts.apple.com/us/podcast/kill-murdaugh-murders/id1850739812,https://www.spreaker.com/show/6780997/episodes/feed,https://is1-ssl.mzstatic.com/image/thumb/Podcasts211/v4/d5/0c/89/d50c89d5-6886-0b99-5160-6a280506d77f/mza_15644271033769016852.jpg/1200x1200bf.webp,"2025-11-12 12:08:48",True Crime,"1850739812",Kill - Murdaugh Murders,""
https://podcasts.apple.com/us/podcast/event-matters/id1850740994,https://rss.buzzsprout.com/2533891.rss,https://is1-ssl.mzstatic.com/image/thumb/Podcasts211/v4/c4/1e/2e/c41e2e0f-166d-9994-f3c9-671f63bec0d5/mza_13505686305439194992.jpg/1200x1200bf.webp,"2025-11-12 12:08:47",Management,"1850740994",Event Matters,""
https://podcasts.apple.com/us/podcast/viernull-unterwegs/id1850738763,https://letscast.fm/podcasts/viernull-unterwegs-5a843ce2/feed,https://is1-ssl.mzstatic.com/image/thumb/Podcasts211/v4/94/36/b6/9436b676-2080-42d8-a415-e8970c1f2236/mza_2788048462577395328.jpg/1200x1200bf.webp,"2025-11-12 12:08:47",Documentary,"1850738763",VierNull unterwegs,""
https://podcasts.apple.com/us/podcast/tales-from-the-fire/id1850739677,https://api.substack.com/feed/podcast/6527615.rss,https://is1-ssl.mzstatic.com/image/thumb/Podcasts221/v4/c9/13/1e/c9131ed3-4d24-b1d6-1c3d-df73bc317501/mza_3183459128209418546.jpg/1200x1200bf.webp,"2025-11-12 12:08:42",Spirituality,"1850739677",Tales From The Fire,""
https://podcasts.apple.com/us/podcast/speakeasy-with-jarrod-journalisme-engag%C3%A9-id%C3%A9es-fortes/id1850738465,https://feed.ausha.co/DD7ZVT0aMmWW,https://is1-ssl.mzstatic.com/image/thumb/Podcasts221/v4/60/ae/a4/60aea49e-cc64-1ca7-b75a-5bce44e250a1/mza_7829789716504082947.jpeg/1200x1200bf.webp,"2025-11-12 12:08:40",Society & Culture,"1850738465","Speakeasy with Jarrod – Journalisme engagé, idées fortes & réflexions sur le monde, la société et la spiritualité",""
https://podcasts.apple.com/us/podcast/joe-marler-will-see-you-now/id1850736713,https://feeds.megaphone.fm/GLT9033701265,https://is1-ssl.mzstatic.com/image/thumb/Podcasts211/v4/5e/57/93/5e579363-8fea-f1bc-d631-640c470f1d0e/mza_14803015824919251471.jpg/1200x1200bf.webp,"2025-11-12 12:08:37",Comedy Interviews,"1850736713",Joe Marler Will See You Now,""
https://podcasts.apple.com/us/podcast/the-human-frame/id1850736235,https://rss.buzzsprout.com/2552626.rss,https://is1-ssl.mzstatic.com/image/thumb/Podcasts211/v4/c0/4d/0f/c04d0f4a-b506-51c0-ca0f-eb703467a4b2/mza_2124972229122587668.jpg/1200x1200bf.webp,"2025-11-12 12:08:32",Arts,"1850736235",The Human Frame,""
https://podcasts.apple.com/us/podcast/luff-actually/id1850734574,https://media.rss.com/luff-actually/feed.xml,https://is1-ssl.mzstatic.com/image/thumb/Podcasts221/v4/1b/74/98/1b749809-3fb6-f829-d650-4b2030f82442/mza_6415916315689963819.jpg/1200x1200bf.webp,"2025-11-12 12:08:32",Comedy,"1850734574",Luff Actually,""
https://podcasts.apple.com/us/podcast/repintel-insights-from-top-sales-reps/id1850733289,https://feeds.captivate.fm/repintel/,https://is1-ssl.mzstatic.com/image/thumb/Podcasts221/v4/67/8a/6f/678a6fe7-d99f-2904-f085-edbba2d4e9c0/mza_9726014977776790094.jpg/1200x1200bf.webp,"2025-11-12 12:08:29",Careers,"1850733289",RepIntel: Insights from Top Sales Reps,""
https://podcasts.apple.com/us/podcast/rowingcast/id1850733538,https://media.rss.com/rowingcast/feed.xml,https://is1-ssl.mzstatic.com/image/thumb/Podcasts211/v4/b5/70/eb/b570eb84-4740-f9c3-a986-8409aef05518/mza_4467202771183915627.png/1200x1200bf.webp,"2025-11-12 12:08:27",Sports,"1850733538",RowingCast,""
https://podcasts.apple.com/us/podcast/no-surrender/id1850733795,https://feeds.libsyn.com/596420/rss,https://is1-ssl.mzstatic.com/image/thumb/Podcasts211/v4/c4/05/c7/c405c7dd-a524-e315-cb20-304deb7f8a36/mza_6840240998564143064.png/1200x1200bf.webp,"2025-11-12 12:08:23",Business,"1850733795",No Surrender,""
https://podcasts.apple.com/us/podcast/family-bible-trivia-learning-about-gods-word-with-all-ages/id1850733929,https://feed.podbean.com/familybibletrivia/feed.xml,https://is1-ssl.mzstatic.com/image/thumb/Podcasts211/v4/8e/0e/74/8e0e7492-fee0-18ef-94e1-4988c446690d/mza_8297578474654683205.jpg/1200x1200bf.webp,"2025-11-12 12:08:22",Kids & Family,"1850733929",Family Bible Trivia - learning about God’s word with all ages!,""
https://podcasts.apple.com/us/podcast/inside-carrington-the-official-manchester-united-podcast/id1850733471,https://feeds.megaphone.fm/COMG7161342578,https://is1-ssl.mzstatic.com/image/thumb/Podcasts221/v4/6e/7e/b6/6e7eb607-4c29-82a7-4e72-fdcb38cf3851/mza_14596266524239724437.jpeg/1200x1200bf.webp,"2025-11-12 12:08:17",Soccer,"1850733471",Inside Carrington: The Official Manchester United Podcast,""
https://podcasts.apple.com/us/podcast/a-little-bit-kinder-podcast/id1850732893,https://api.substack.com/feed/podcast/4559898.rss,https://is1-ssl.mzstatic.com/image/thumb/Podcasts211/v4/9c/bb/21/9cbb2148-a258-224d-85db-6c1dbb8e8cb7/mza_2568789248583936443.jpg/1200x1200bf.webp,"2025-11-12 12:08:17",Social Sciences,"1850732893",A Little Bit Kinder Podcast,""
https://podcasts.apple.com/us/podcast/unbecoming-me-with-toi/id1850731835,https://feeds.libsyn.com/598555/rss,https://is1-ssl.mzstatic.com/image/thumb/Podcasts221/v4/0a/60/18/0a6018bc-7719-a2cd-0a29-73dad8c5cedb/mza_3425529689775428741.png/1200x1200bf.webp,"2025-11-12 12:08:13",Self-Improvement,"1850731835",Unbecoming Me with Toi,""
https://podcasts.apple.com/us/podcast/%D8%AE%D8%A7%D8%B7%D8%B1%D8%A7%D8%AA-%D9%87%D9%85%D8%B3%D8%B1-%D9%85%D8%B1%D8%AD%D9%88%D9%85%D9%85/id1850731591,https://media.rss.com/khateratemarhom/feed.xml,https://is1-ssl.mzstatic.com/image/thumb/Podcasts221/v4/83/45/af/8345af6b-d6cc-2b4d-921c-6bea9655afa3/mza_2274148879210386521.png/1200x1200bf.webp,"2025-11-12 12:08:13",Relationships,"1850731591",خاطرات همسر مرحومم,""
https://podcasts.apple.com/us/podcast/lavis-du-discord/id1850731337,https://feeds.acast.com/public/shows/690a0d052f5fdede34d267f4,https://is1-ssl.mzstatic.com/image/thumb/Podcasts221/v4/8f/1c/80/8f1c80dd-e193-627c-38dd-984842b9df1b/mza_18082957662075742996.jpeg/1200x1200bf.webp,"2025-11-12 12:08:07",Video Games,"1850731337",L'avis du Discord,""
https://podcasts.apple.com/us/podcast/emerald-coast-medical-mastery/id1850730810,https://rss.buzzsprout.com/2329598.rss,https://is1-ssl.mzstatic.com/image/thumb/Podcasts221/v4/56/d8/2a/56d82a95-bd3f-9152-b5c0-65f885493087/mza_10975477293424293532.jpg/1200x1200bf.webp,"2025-11-12 12:08:07",Medicine,"1850730810",Emerald Coast Medical Mastery,""
https://podcasts.apple.com/us/podcast/le-d%C3%A9brief-star-ac-du-supershow-nrj/id1850731277,https://aod.nrjaudio.fm/xml/2522.xml,https://is1-ssl.mzstatic.com/image/thumb/Podcasts221/v4/f5/13/a9/f513a9c8-cbda-b962-0124-cdf723c97c4a/mza_2616425918225040557.jpg/1200x1200bf.webp,"2025-11-12 12:08:04",Music Interviews,"1850731277",Le Débrief Star Ac du SuperShow NRJ,""
https://podcasts.apple.com/us/podcast/the-10x-finance-podcast/id1850730412,https://anchor.fm/s/108158228/podcast/rss,https://is1-ssl.mzstatic.com/image/thumb/Podcasts211/v4/ac/c9/a9/acc9a9a1-a263-9324-c48f-0231e628b388/mza_4076381658732802575.jpg/1200x1200bf.webp,"2025-11-12 12:08:03",Business,"1850730412",The 10x Finance Podcast,""
https://podcasts.apple.com/us/podcast/go-with-your-gut/id1850730233,https://feeds.redcircle.com/dcff4959-0fc9-4549-9bcd-eb5c76964d98,https://is1-ssl.mzstatic.com/image/thumb/Podcasts221/v4/0e/bb/e5/0ebbe55e-2705-8c3c-dc9d-4b0d6b410ee5/mza_11876693288927114901.jpg/1200x1200bf.webp,"2025-11-12 12:07:58",Nutrition,"1850730233",Go With Your Gut,""
https://podcasts.apple.com/us/podcast/unlock-the-future-of-new-hampshire-real-estate/id1850729235,https://anchor.fm/s/109ac15c0/podcast/rss,https://is1-ssl.mzstatic.com/image/thumb/Podcasts221/v4/1b/8e/fd/1b8efda0-c7e8-6d85-e212-3379ddd6dbb4/mza_12091959205144227975.jpg/1200x1200bf.webp,"2025-11-12 12:07:58",Business,"1850729235",Unlock the Future of New Hampshire Real Estate,""
https://podcasts.apple.com/us/podcast/inside-sps-a-st-pauls-school-podcast/id1850729011,https://feeds.simplecast.com/T4IVpK4O,https://is1-ssl.mzstatic.com/image/thumb/Podcasts221/v4/0b/c6/d5/0bc6d558-54ee-d18f-71fc-508a59b6ec84/mza_1606171833250855701.jpg/1200x1200bf.webp,"2025-11-12 12:07:53",Education,"1850729011",Inside SPS: A St. Paul's School Podcast,""
https://podcasts.apple.com/us/podcast/on-respecting-and-protecting-human-rights/id1850728593,https://api.substack.com/feed/podcast/4932947.rss,https://is1-ssl.mzstatic.com/image/thumb/Podcasts221/v4/f6/83/76/f68376da-efb1-6a21-4b52-4382d4c15e26/mza_5706784640284839998.jpg/1200x1200bf.webp,"2025-11-12 12:07:53",Personal Journals,"1850728593",On Respecting and Protecting Human Rights,""
https://podcasts.apple.com/us/podcast/cafcs-podcast/id1850726512,https://feed.podbean.com/cafcpodcasts/feed.xml,https://is1-ssl.mzstatic.com/image/thumb/Podcasts211/v4/6f/2f/50/6f2f50d4-f84e-0f4d-b0b3-494517f4f1ef/mza_16141250727726383765.png/1200x1200bf.webp,"2025-11-12 12:07:48",Christianity,"1850726512",CAFC’s Podcast,""
https://podcasts.apple.com/us/podcast/snap-benefits-crisis/id1850725544,https://www.spreaker.com/show/6782828/episodes/feed,https://is1-ssl.mzstatic.com/image/thumb/Podcasts221/v4/fb/73/67/fb7367fc-6908-24ef-ffe1-4261384a63c0/mza_8581754577846060648.jpg/1200x1200bf.webp,"2025-11-12 12:07:48",News Commentary,"1850725544",SNAP Benefits Crisis,""
https://podcasts.apple.com/us/podcast/everhuman-podcast/id1850722823,https://rss.buzzsprout.com/2550811.rss,https://is1-ssl.mzstatic.com/image/thumb/Podcasts221/v4/c3/fc/98/c3fc98f0-4f91-7861-61de-49c08bd29802/mza_14643338262337042072.jpg/1200x1200bf.webp,"2025-11-12 12:07:43",Health & Fitness,"1850722823",EverHuman Podcast,""
https://podcasts.apple.com/us/podcast/aq-podcast/id1850722065,https://anchor.fm/s/10b41be30/podcast/rss,https://is1-ssl.mzstatic.com/image/thumb/Podcasts221/v4/08/63/9b/08639bcb-bec3-2c3d-2fd3-d296ffde8d99/mza_6748403598333279468.jpg/1200x1200bf.webp,"2025-11-12 12:07:43",Society & Culture,"1850722065",AQ Podcast,""
